,title,description,price,points,cluster_label,cosine_similarity
40463,Arzuaga 2004 Gran Reserva  (Ribera del Duero),"For aged Ribera del Duero, this is right on target. An elegant, lightly leafy nose with lemony oak and tobacco notes along with dried berry and plum aromas is spot on and classy. The palate feels plump and honest, with moderate tannins. Flavors of earthy plum and berry, tobacco and a pantry's worth of spice finish full and chunky. Drink through 2022.",149.0,93,4,0.4104508437177513
39217,Bodegas Riojanas 2009 Monte Real Gran Reserva  (Rioja),"Aromas of roasted earth, leather and fine oak are more out-front than berry fruit, and that's the way it should be for a Gran Reserva. This feels bold, lively and still a touch bumpy. Chocolaty oak and vanilla notes rest comfortably on top of ripe berry and black-plum flavors, while the finish is persistently earthy and chocolaty. Drink through 2028.",37.0,93,4,0.39711439047907127
80511,Valquejigoso 2010 DV Red (Spain),"The vineyards to the immediate south of Madrid rarely produce wines like this, which is a blend based on Cabernet Sauvignon. Fully toasted, creamy aromas of fine oak accent plum and berry scents entice the nose, while this feels fresh, fruity and structured. Saucy plum and berry flavors deliver a savory aftertaste, while the finish impresses via exquisite balance, elegant dryness and spicy fruit flavors. Drink through 2022.",39.0,93,4,0.3877539982718006
23676,Mas d'en Gil 2010 Clos Fontà Grenache-Carignan (Priorat),"Pure but restrained violet, plum and berry aromas are on the money. This feels racy but also saturated, with kick as well as commendable overall balance. Flavors of plum, ripe tomato, schist and spice finish smooth, peppery, herbal and slightly warm, with a note of coffee. Drink through 2022.",60.0,93,4,0.3841741967457303
50130,Proelio 2012 Cepa a Cepa  (Rioja),"Smoky, charred aromas of leathery berry fruits and coffee are staunch and potent. Matching the nose, this feels plump and full in body and soul. Earthy cherry and berry flavors come with a hint of herbal plum. On the finish, this rises up, beats its chest, and shows gravitas and fine oak. Drink through 2024.",40.0,92,4,0.49442481903154234
96963,Resalte 2010 Crianza  (Ribera del Duero),"Calm aromas of plum, berry fruits and dried spices are composed. This feels solid and ripe, but also energetic. Flavors of chocolaty oak, mocha, baked plum and ripe berry fruits finish with lasting notes of clove and wood spice. Drink through 2022.",35.0,92,4,0.46611349479252484
46514,Santa Rita 2008 Triple C Red (Maipo Valley),"Dry, leafy, herbal aromas come with berry power and spice. Triple C stands for Cabernets Franc and Sauvignon as well as Carmenère. This is a wide load on the palate, with smooth tannins and savory, roasted berry flavors that lead to a finish boasting chocolate, leather, spice and baked berry notes. Drink through 2017.",40.0,92,4,0.4435473895511563
113233,Contino 2010 Reserva  (Rioja),"Earthy notes of plum and berry include a touch of leafy herbs. This is crisp, elegant and slightly tomatoey in feel, with dry herbal plum and berry flavors that end fresh and savory. There's nothing over the top about this classic Rioja. Drink through 2024.",48.0,92,4,0.44321562350584764
88744,Pujanza 2009  Rioja,"Dry, earthy plum and berry aromas are attractive and unadulterated. This feels alert, with a refined texture and full tannins supporting red plum and raspberry fruit. A structured, mildly tannic finish tastes peppery and a bit woody, all good signs for the future. Drink through 2019.",30.0,92,4,0.4317422223838459
52590,Neyen 2010 Carmenère-Cabernet Sauvignon (Colchagua Valley),"Tasted side-by-side with the Neyen 2009, this younger wine is more vital and strapping. Spicy aromas of herbal berry and cassis come with a tree-bark accent. This is well cut but delivers good body and weight, while flavors of herbal plum and berry are spicy and finish earthy and loamy. Drink through 2020.",50.0,92,4,0.4307562334389659
87419,Casa Donoso 2009 D Red (Maule Valley),"High-toned aromas of raspberry and plum come with herbal, olive accents that are entirely normal for Chilean Bordeaux-style blends. This feels fresh and agile on the palate, with raspberry, cherry, plum and berry flavors offset by herb, mint and tobacco notes. An elegant feel and herbal shadings define the finish on this ready-to-drink blend of Cabernet Sauvignon, Carmenère, Malbec and Cab Franc.",70.0,92,4,0.4297921007136469
53578,CVNE 2012 Viña Real Reserva  (Rioja),"Compact, almost gritty aromas of tree bark and herbal berry fruits require time to breathe. After necessary airing, this is elegant and fresh on the palate, but full in body. Herbal plum and berry flavors are leathery, spicy and suggest tomato as this transitions to a firm, racy finish. Drink through 2020.",32.0,92,4,0.42978024909434426
4618,Concha y Toro 2013 Don Melchor Puente Alto Vineyard Cabernet Sauvignon (Puente Alto),"Initially this smells foxy, with jumpy untamed berry and plum notes racing across the nose. After the aromas come around, this is hard and choppy on the palate, while herbal black-plum and carob flavors finish more lushly than before, but still fairly tannic. Drink through 2023.",120.0,92,4,0.41465731561010405
4627,Koyle 2013 Royale Los Lingues Vineyard Cabernet Sauvignon (Colchagua Valley),"Spicy aromas of balsam wood, tobacco and sawmill work well with ripe but reserved red-berry scents. Tight, tannic but also fresh as opposed to drying, this Cabernet from a cool year delivers a classic set of herbal berry, plum and wood spice flavors. A ripped finish is dry and oaky now, with core fruit resting for the future. Drink 2018–2028.",26.0,92,4,0.41106620875232497
47161,Koyle 2013 Royale Los Lingues Vineyard Cabernet Sauvignon (Colchagua Valley),"Spicy aromas of balsam wood, tobacco and sawmill work well with ripe but reserved red-berry scents. Tight, tannic but also fresh as opposed to drying, this Cabernet from a cool year delivers a classic set of herbal berry, plum and wood spice flavors. A ripped finish is dry and oaky now, with core fruit resting for the future. Drink 2018–2028.",26.0,92,4,0.41106620875232497
14477,Arrocal 2012 Selección  (Ribera del Duero),"This wine's compact, lightly toasted berry aromas are reticent but also slyly complex. The palate is packed with firm, abrasive tannins. Dark berry, spice, toast and chocolate flavors finish long and harmonious, with equal amounts of herbal, exotic, oak and berry flavors. Drink through 2026.",42.0,92,4,0.39843493821712983
11958,Doña Paula 2011 El Alto Parcel Malbec (Luján de Cuyo),"Ripe plum and berry aromas are wrapped in a bed of creamy, spicy, cheesy oak and related vanilla and tobacco scents. This is full and generous on the palate, but also a touch acidic. Plum, boysenberry and cherry flavors finish with spice, toast and blackened notes. Drink through 2021.",100.0,92,4,0.3980068349833888
21377,Torres 2007 Grans Muralles Red (Penedès),"This five-grape blend is harmonious, with aromas of sweet spice, ripe berry, cherry, licorice and mineral. It's racy, deep and powerful, with dark berry, black plum and oaky, spicy flavors. It's long, elegant and potent on the finish. Drink through 2018.",109.0,92,4,0.39632023554401885
19158,Almaviva 2012 Red (Puente Alto),"Warm-vintage characteristics of earthy berry aromas require time to come into focus. In the mouth, this Cabernet Sauvignon blend feels ripe, chunky and lush. Loamy, baked plum and cassis flavors are rich and easy, but short on the complexity that Almaviva usually offers. On the finish, this is smooth, lightly herbal and spicy. Drink through 2022.",150.0,92,4,0.39612448433893094
47167,Ventisquero 2012 Enclave Cabernet Sauvignon (Maipo Valley),"Earthy aromas include herbal notes, a hint of tomato sauce, asphalt and dusty berry fruits. This has a raw tannic exterior but is softer in the middle. Flavors of saucy, herbal plum and blackberry come with notes of tobacco and olive, while this is drawing and gritty on the finish, with a roasted quality. Drink through 2024.",75.0,92,4,0.3940748060964194
